variant,total,true_count,ratio
remove_part1,952,700,0.7352941176470589
remove_part2,972,816,0.8395061728395061
remove_part3,991,868,0.875882946518668
remove_part4,985,929,0.9431472081218274
replace_part1,898,658,0.732739420935412
replace_part2,949,799,0.8419388830347735
replace_part3,992,877,0.8840725806451613
replace_part4,984,922,0.9369918699186992
original_no_ablation,939,846,0.9009584664536742
